<?xml version="1.0" encoding="utf-8"?>
<metafile version="3.0" client="administrator">
    <tag>pt-PT</tag>
	<name>Português (Portugal)</name>
	<version>3.3</version>
    <creationDate>Maio 2014</creationDate>
    <author>Joomla Portugal</author>
	<authorEmail>geral@joomlapt.com</authorEmail>
	<authorUrl>www.joomlapt.com</authorUrl>
	<packager>Comunidade Joomla Portuguesa</packager>
    <description><![CDATA[
        <h3><strong>Instalação do pacote de idioma Português (Portugal) para o CMS Joomla! foram concluídos com sucesso.</strong></h3><br/>
        Copyright 2005 - 2014 Open Source Matters. Todos os Direitos Reservados. Copyright Translation 2005 - 2014 Comunidade Joomla Portuguesa. Todos os Direitos Reservados.<br/>
        De acordo com os termos de licenciamento da  <a href="http://www.opensourcematters.org" target="_blank">OpenSourceMatters</a> e <a href="http://www.joomla.org" target="_blank">Joomla!</a> todos os arquivos de idioma devem ser licenciados sob a <a href="http://www.gnu.org/licenses/gpl-2.0.html" target="_blank"> licença GNU/GPL (v.2.0)</a>. Esta tradução está licenciada sob esta licença. Se encontrar algum erro de tradução ou se deseja sugerir melhorias, entre em contacto com a <a href="http://www.joomlapt.com"><strong>Comunidade Joomla Portuguesa</strong></a> da tradução ou junte-se a nós no <a href="https://www.transifex.com/projects/p/j3corelang/language/pt_PT/" target="_blank"><strong>Transifex Joomla! Portugal</strong></a> e contribua diretamente com o projeto.<br/><br/><br/>
    ]]>
	</description>
	
   	<files>
		<filename>pt-PT.com_admin.ini</filename>
		<filename>pt-PT.com_admin.sys.ini</filename>
		<filename>pt-PT.com_banners.ini</filename>
		<filename>pt-PT.com_banners.sys.ini</filename>
		<filename>pt-PT.com_cache.ini</filename>
		<filename>pt-PT.com_cache.sys.ini</filename>
		<filename>pt-PT.com_categories.ini</filename>
		<filename>pt-PT.com_categories.sys.ini</filename>
		<filename>pt-PT.com_checkin.ini</filename>
		<filename>pt-PT.com_checkin.sys.ini</filename>
		<filename>pt-PT.com_config.ini</filename>
		<filename>pt-PT.com_config.sys.ini</filename>
		<filename>pt-PT.com_contact.ini</filename>
		<filename>pt-PT.com_contact.sys.ini</filename>
		<filename>pt-PT.com_content.ini</filename>
		<filename>pt-PT.com_content.sys.ini</filename>
		<filename>pt-PT.com_cpanel.ini</filename>
		<filename>pt-PT.com_cpanel.sys.ini</filename>
		<filename>pt-PT.com_finder.ini</filename>
		<filename>pt-PT.com_finder.sys.ini</filename>
		<filename>pt-PT.com_installer.ini</filename>
		<filename>pt-PT.com_installer.sys.ini</filename>
		<filename>pt-PT.com_joomlaupdate.ini</filename>
		<filename>pt-PT.com_joomlaupdate.sys.ini</filename>
		<filename>pt-PT.com_languages.ini</filename>
		<filename>pt-PT.com_languages.sys.ini</filename>
		<filename>pt-PT.com_login.ini</filename>
		<filename>pt-PT.com_login.sys.ini</filename>
		<filename>pt-PT.com_mailto.sys.ini</filename>
		<filename>pt-PT.com_media.ini</filename>
		<filename>pt-PT.com_media.sys.ini</filename>
		<filename>pt-PT.com_menus.ini</filename>
		<filename>pt-PT.com_menus.sys.ini</filename>
		<filename>pt-PT.com_messages.ini</filename>
		<filename>pt-PT.com_messages.sys.ini</filename>
		<filename>pt-PT.com_modules.ini</filename>
		<filename>pt-PT.com_modules.sys.ini</filename>
		<filename>pt-PT.com_newsfeeds.ini</filename>
		<filename>pt-PT.com_newsfeeds.sys.ini</filename>
		<filename>pt-PT.com_plugins.ini</filename>
		<filename>pt-PT.com_plugins.sys.ini</filename>
		<filename>pt-PT.com_redirect.ini</filename>
		<filename>pt-PT.com_redirect.sys.ini</filename>
		<filename>pt-PT.com_search.ini</filename>
		<filename>pt-PT.com_search.sys.ini</filename>
		<filename>pt-PT.com_templates.ini</filename>
		<filename>pt-PT.com_templates.sys.ini</filename>
		<filename>pt-PT.com_users.ini</filename>
		<filename>pt-PT.com_users.sys.ini</filename>
		<filename>pt-PT.com_weblinks.ini</filename>
		<filename>pt-PT.com_weblinks.sys.ini</filename>
		<filename>pt-PT.com_wrapper.ini</filename>
		<filename>pt-PT.com_wrapper.sys.ini</filename>
		<filename>pt-PT.ini</filename>
		<filename>pt-PT.lib_joomla.ini</filename>
		<filename>pt-PT.mod_custom.ini</filename>
		<filename>pt-PT.mod_custom.sys.ini</filename>
		<filename>pt-PT.mod_feed.ini</filename>
		<filename>pt-PT.mod_feed.sys.ini</filename>
		<filename>pt-PT.mod_latest.ini</filename>
		<filename>pt-PT.mod_latest.sys.ini</filename>
		<filename>pt-PT.mod_logged.ini</filename>
		<filename>pt-PT.mod_logged.sys.ini</filename>
		<filename>pt-PT.mod_login.ini</filename>
		<filename>pt-PT.mod_login.sys.ini</filename>
		<filename>pt-PT.mod_menu.ini</filename>
		<filename>pt-PT.mod_menu.sys.ini</filename>
		<filename>pt-PT.mod_multilangstatus.ini</filename>
		<filename>pt-PT.mod_multilangstatus.sys.ini</filename>
		<filename>pt-PT.mod_popular.ini</filename>
		<filename>pt-PT.mod_popular.sys.ini</filename>
		<filename>pt-PT.mod_quickicon.ini</filename>
		<filename>pt-PT.mod_quickicon.sys.ini</filename>
		<filename>pt-PT.mod_stats_admin.ini</filename>
		<filename>pt-PT.mod_stats_admin.sys.ini</filename>
		<filename>pt-PT.mod_status.ini</filename>
		<filename>pt-PT.mod_status.sys.ini</filename>
		<filename>pt-PT.mod_submenu.ini</filename>
		<filename>pt-PT.mod_submenu.sys.ini</filename>
		<filename>pt-PT.mod_title.ini</filename>
		<filename>pt-PT.mod_title.sys.ini</filename>
		<filename>pt-PT.mod_toolbar.ini</filename>
		<filename>pt-PT.mod_toolbar.sys.ini</filename>
		<filename>pt-PT.mod_version.ini</filename>
		<filename>pt-PT.mod_version.sys.ini</filename>
		<filename>pt-PT.plg_authentication_gmail.ini</filename>
		<filename>pt-PT.plg_authentication_gmail.sys.ini</filename>
		<filename>pt-PT.plg_authentication_joomla.ini</filename>
		<filename>pt-PT.plg_authentication_joomla.sys.ini</filename>
		<filename>pt-PT.plg_authentication_ldap.ini</filename>
		<filename>pt-PT.plg_authentication_ldap.sys.ini</filename>
		<filename>pt-PT.plg_captcha_recaptcha.ini</filename>
		<filename>pt-PT.plg_captcha_recaptcha.sys.ini</filename>
		<filename>pt-PT.plg_content_emailcloak.ini</filename>
		<filename>pt-PT.plg_content_emailcloak.sys.ini</filename>
		<filename>pt-PT.plg_content_finder.ini</filename>
		<filename>pt-PT.plg_content_finder.sys.ini</filename>
		<filename>pt-PT.plg_content_geshi.ini</filename>
		<filename>pt-PT.plg_content_geshi.sys.ini</filename>
		<filename>pt-PT.plg_content_joomla.ini</filename>
		<filename>pt-PT.plg_content_joomla.sys.ini</filename>
		<filename>pt-PT.plg_content_loadmodule.ini</filename>
		<filename>pt-PT.plg_content_loadmodule.sys.ini</filename>
		<filename>pt-PT.plg_content_pagebreak.ini</filename>
		<filename>pt-PT.plg_content_pagebreak.sys.ini</filename>
		<filename>pt-PT.plg_content_pagenavigation.ini</filename>
		<filename>pt-PT.plg_content_pagenavigation.sys.ini</filename>
		<filename>pt-PT.plg_content_vote.ini</filename>
		<filename>pt-PT.plg_content_vote.sys.ini</filename>
		<filename>pt-PT.plg_editors-xtd_article.ini</filename>
		<filename>pt-PT.plg_editors-xtd_article.sys.ini</filename>
		<filename>pt-PT.plg_editors-xtd_image.ini</filename>
		<filename>pt-PT.plg_editors-xtd_image.sys.ini</filename>
		<filename>pt-PT.plg_editors-xtd_pagebreak.ini</filename>
		<filename>pt-PT.plg_editors-xtd_pagebreak.sys.ini</filename>
		<filename>pt-PT.plg_editors-xtd_readmore.ini</filename>
		<filename>pt-PT.plg_editors-xtd_readmore.sys.ini</filename>
		<filename>pt-PT.plg_editors_codemirror.ini</filename>
		<filename>pt-PT.plg_editors_codemirror.sys.ini</filename>
		<filename>pt-PT.plg_editors_none.ini</filename>
		<filename>pt-PT.plg_editors_none.sys.ini</filename>
		<filename>pt-PT.plg_editors_tinymce.ini</filename>
		<filename>pt-PT.plg_editors_tinymce.sys.ini</filename>
		<filename>pt-PT.plg_extension_joomla.ini</filename>
		<filename>pt-PT.plg_extension_joomla.sys.ini</filename>
		<filename>pt-PT.plg_finder_categories.ini</filename>
		<filename>pt-PT.plg_finder_categories.sys.ini</filename>
		<filename>pt-PT.plg_finder_contacts.ini</filename>
		<filename>pt-PT.plg_finder_contacts.sys.ini</filename>
		<filename>pt-PT.plg_finder_content.ini</filename>
		<filename>pt-PT.plg_finder_content.sys.ini</filename>
		<filename>pt-PT.plg_finder_newsfeeds.ini</filename>
		<filename>pt-PT.plg_finder_newsfeeds.sys.ini</filename>
		<filename>pt-PT.plg_finder_weblinks.ini</filename>
		<filename>pt-PT.plg_finder_weblinks.sys.ini</filename>
		<filename>pt-PT.plg_quickicon_extensionupdate.ini</filename>
		<filename>pt-PT.plg_quickicon_extensionupdate.sys.ini</filename>
		<filename>pt-PT.plg_quickicon_joomlaupdate.ini</filename>
		<filename>pt-PT.plg_quickicon_joomlaupdate.sys.ini</filename>
		<filename>pt-PT.plg_search_categories.ini</filename>
		<filename>pt-PT.plg_search_categories.sys.ini</filename>
		<filename>pt-PT.plg_search_contacts.ini</filename>
		<filename>pt-PT.plg_search_contacts.sys.ini</filename>
		<filename>pt-PT.plg_search_content.ini</filename>
		<filename>pt-PT.plg_search_content.sys.ini</filename>
		<filename>pt-PT.plg_search_newsfeeds.ini</filename>
		<filename>pt-PT.plg_search_newsfeeds.sys.ini</filename>
		<filename>pt-PT.plg_search_weblinks.ini</filename>
		<filename>pt-PT.plg_search_weblinks.sys.ini</filename>
		<filename>pt-PT.plg_system_cache.ini</filename>
		<filename>pt-PT.plg_system_cache.sys.ini</filename>
		<filename>pt-PT.plg_system_debug.ini</filename>
		<filename>pt-PT.plg_system_debug.sys.ini</filename>
		<filename>pt-PT.plg_system_finder.ini</filename>
		<filename>pt-PT.plg_system_finder.sys.ini</filename>
		<filename>pt-PT.plg_system_highlight.ini</filename>
		<filename>pt-PT.plg_system_highlight.sys.ini</filename>
		<filename>pt-PT.plg_system_languagecode.ini</filename>
		<filename>pt-PT.plg_system_languagecode.sys.ini</filename>
		<filename>pt-PT.plg_system_languagefilter.ini</filename>
		<filename>pt-PT.plg_system_languagefilter.sys.ini</filename>
		<filename>pt-PT.plg_system_log.ini</filename>
		<filename>pt-PT.plg_system_log.sys.ini</filename>
		<filename>pt-PT.plg_system_logout.ini</filename>
		<filename>pt-PT.plg_system_logout.sys.ini</filename>
		<filename>pt-PT.plg_system_p3p.ini</filename>
		<filename>pt-PT.plg_system_p3p.sys.ini</filename>
		<filename>pt-PT.plg_system_redirect.ini</filename>
		<filename>pt-PT.plg_system_redirect.sys.ini</filename>
		<filename>pt-PT.plg_system_remember.ini</filename>
		<filename>pt-PT.plg_system_remember.sys.ini</filename>
		<filename>pt-PT.plg_system_sef.ini</filename>
		<filename>pt-PT.plg_system_sef.sys.ini</filename>
		<filename>pt-PT.plg_user_contactcreator.ini</filename>
		<filename>pt-PT.plg_user_contactcreator.sys.ini</filename>
		<filename>pt-PT.plg_user_joomla.ini</filename>
		<filename>pt-PT.plg_user_joomla.sys.ini</filename>
		<filename>pt-PT.plg_user_profile.ini</filename>
		<filename>pt-PT.plg_user_profile.sys.ini</filename>
		<filename>pt-PT.tpl_hathor.ini</filename>
		<filename>pt-PT.tpl_hathor.sys.ini</filename>
		<filename>pt-PT.tpl_isis.ini</filename>
		<filename>pt-PT.tpl_isis.sys.ini</filename>
	</files>
	
    <metadata>
		<name>Português (Portugal)</name>
		<tag>pt-PT</tag>
		<locale>pt_PT.utf8, pt_PT.UTF-8, pt_PT, pt, pt-PT, Português, Portuguese</locale>
		<rtl>0</rtl>
		<firstDay>0</firstDay>
    </metadata>
	
    <params />
	
</metafile>
