<?xml version="1.0" encoding="utf-8"?>
<metafile version="3.0" client="site">
    <tag>pt-PT</tag>
	<name>Português (Portugal)</name>
	<version>3.3</version>
    <creationDate>2014-05-01</creationDate>
    <author>Comunidade Joomla Portuguesa</author>
    <authorEmail>geral@joomlapt.com</authorEmail>
	<authorUrl>www.joomlapt.com</authorUrl>
    <copyright>Copyright 2005 - 2015 Open Source Matters. Todos os Direitos Reservados. Copyright Comunidade Joomla Portuguesa. Todos os Direitos Reservados.</copyright>
    <license>GNU General Public License version 2 or later; see LICENSE.txt</license>
	<description><![CDATA[
				Arquivos de Idioma em Português Portugal para o Joomla! 3<br/>
				Copyright 2005 - 2014 Open Source Matters. Todos os Direitos Reservados. Copyright Comunidade Joomla Portuguesa. Todos os Direitos Reservados.<br/>
				De acordo com termo de licenciamento de <a href="http://www.opensourcematters.org" target="_blank">OpenSourceMatters</a> e <a href="http://www.joomla.org" target="_blank">Joomla!</a> todos os arquivos de idioma devem ser licenciados sob a <a href="http://www.gnu.org/licenses/gpl-2.0.html" target="_blank"> licença GNU/GPL (v.2.0)</a>. Esta tradução está licenciada sob esta licença. Se encontrar algum erro de digitação, traduções incorretas ou se deseja sugerir melhorias, participe no fórum <a href="http://www.joomlapt.com">JoomlaPT</a> da tradução ou junte-se a nós no <a href="https://www.transifex.com/projects/p/j3corelang/language/pt_PT/" target="_blank">transifex Joomla! </a> e contribua diretamente com o projeto.<br/><br/>
				]]>
	</description>
	
	<files>
		<filename>pt-PT.com_contact.ini</filename>
		<filename>pt-PT.com_content.ini</filename>
		<filename>pt-PT.com_finder.ini</filename>
		<filename>pt-PT.com_mailto.ini</filename>
		<filename>pt-PT.com_media.ini</filename>
		<filename>pt-PT.com_messages.ini</filename>
		<filename>pt-PT.com_newsfeeds.ini</filename>
		<filename>pt-PT.com_search.ini</filename>
		<filename>pt-PT.com_users.ini</filename>
		<filename>pt-PT.com_weblinks.ini</filename>
		<filename>pt-PT.com_wrapper.ini</filename>
		<filename>pt-PT.files_joomla.sys.ini</filename>
		<filename>pt-PT.finder_cli.ini</filename>
		<filename>pt-PT.ini</filename>
		<filename>pt-PT.lib_joomla.ini</filename>
		<filename>pt-PT.lib_joomla.sys.ini</filename>
		<filename>pt-PT.lib_phpmailer.sys.ini</filename>
		<filename>pt-PT.lib_phputf8.sys.ini</filename>
		<filename>pt-PT.lib_simplepie.sys.ini</filename>
		<filename>pt-PT.localise.php</filename>
		<filename>pt-PT.mod_articles_archive.ini</filename>
		<filename>pt-PT.mod_articles_archive.sys.ini</filename>
		<filename>pt-PT.mod_articles_categories.ini</filename>
		<filename>pt-PT.mod_articles_categories.sys.ini</filename>
		<filename>pt-PT.mod_articles_category.ini</filename>
		<filename>pt-PT.mod_articles_category.sys.ini</filename>
		<filename>pt-PT.mod_articles_latest.ini</filename>
		<filename>pt-PT.mod_articles_latest.sys.ini</filename>
		<filename>pt-PT.mod_articles_news.ini</filename>
		<filename>pt-PT.mod_articles_news.sys.ini</filename>
		<filename>pt-PT.mod_articles_popular.ini</filename>
		<filename>pt-PT.mod_articles_popular.sys.ini</filename>
		<filename>pt-PT.mod_banners.ini</filename>
		<filename>pt-PT.mod_banners.sys.ini</filename>
		<filename>pt-PT.mod_breadcrumbs.ini</filename>
		<filename>pt-PT.mod_breadcrumbs.sys.ini</filename>
		<filename>pt-PT.mod_custom.ini</filename>
		<filename>pt-PT.mod_custom.sys.ini</filename>
		<filename>pt-PT.mod_feed.ini</filename>
		<filename>pt-PT.mod_feed.sys.ini</filename>
		<filename>pt-PT.mod_finder.ini</filename>
		<filename>pt-PT.mod_finder.sys.ini</filename>
		<filename>pt-PT.mod_footer.ini</filename>
		<filename>pt-PT.mod_footer.sys.ini</filename>
		<filename>pt-PT.mod_languages.ini</filename>
		<filename>pt-PT.mod_languages.sys.ini</filename>
		<filename>pt-PT.mod_login.ini</filename>
		<filename>pt-PT.mod_login.sys.ini</filename>
		<filename>pt-PT.mod_menu.ini</filename>
		<filename>pt-PT.mod_menu.sys.ini</filename>
		<filename>pt-PT.mod_random_image.ini</filename>
		<filename>pt-PT.mod_random_image.sys.ini</filename>
		<filename>pt-PT.mod_related_items.ini</filename>
		<filename>pt-PT.mod_related_items.sys.ini</filename>
		<filename>pt-PT.mod_search.ini</filename>
		<filename>pt-PT.mod_search.sys.ini</filename>
		<filename>pt-PT.mod_stats.ini</filename>
		<filename>pt-PT.mod_stats.sys.ini</filename>
		<filename>pt-PT.mod_syndicate.ini</filename>
		<filename>pt-PT.mod_syndicate.sys.ini</filename>
		<filename>pt-PT.mod_users_latest.ini</filename>
		<filename>pt-PT.mod_users_latest.sys.ini</filename>
		<filename>pt-PT.mod_weblinks.ini</filename>
		<filename>pt-PT.mod_weblinks.sys.ini</filename>
		<filename>pt-PT.mod_whosonline.ini</filename>
		<filename>pt-PT.mod_whosonline.sys.ini</filename>
		<filename>pt-PT.mod_wrapper.ini</filename>
		<filename>pt-PT.mod_wrapper.sys.ini</filename>
		<filename>pt-PT.tpl_beez3.ini</filename>
		<filename>pt-PT.tpl_beez3.sys.ini</filename>
		<filename>pt-PT.tpl_protostar.ini</filename>
		<filename>pt-PT.tpl_protostar.sys.ini</filename>
	
	</files>
	
	<metadata>
		<name>Português (Portugal)</name>
		<tag>pt-PT</tag>
		<locale>pt_PT.utf8, pt_PT.UTF-8, pt_PT, pt, pt-PT, Portuguese, Portuguese</locale>
		<rtl>0</rtl>
		<firstDay>0</firstDay>
	</metadata>
	
    <params />

</metafile>
